{
  "means": {
    "shape": [
      6130576,
      3
    ],
    "dtype": "float32",
    "mins": [
      -4.195625305175781,
      -4.416191577911377,
      -4.286423206329346
    ],
    "maxs": [
      4.023194313049316,
      2.7582693099975586,
      4.584405899047852
    ],
    "files": [
      "means_l.webp",
      "means_u.webp"
    ]
  },
  "scales": {
    "shape": [
      6130576,
      3
    ],
    "dtype": "float32",
    "mins": [
      -18.00901985168457,
      -19.41832733154297,
      -19.379287719726562
    ],
    "maxs": [
      2.00081729888916,
      1.6045676469802856,
      1.5753597021102905
    ],
    "files": [
      "scales.webp"
    ]
  },
  "quats": {
    "shape": [
      6130576,
      4
    ],
    "dtype": "uint8",
    "encoding": "quaternion_packed",
    "files": [
      "quats.webp"
    ]
  },
  "sh0": {
    "shape": [
      6130576,
      1,
      4
    ],
    "dtype": "float32",
    "mins": [
      -2.689424514770508,
      -2.84175443649292,
      -2.8313395977020264,
      -6.4391584396362305
    ],
    "maxs": [
      9.3534517288208,
      9.318602561950684,
      9.599822044372559,
      18.323091506958008
    ],
    "files": [
      "sh0.webp"
    ]
  },
  "shN": {
    "shape": [
      6130576,
      45
    ],
    "dtype": "float32",
    "mins": -0.6888267993927002,
    "maxs": 0.7373189330101013,
    "quantization": 8,
    "files": [
      "shN_centroids.webp",
      "shN_labels.webp"
    ]
  }
}